British\buildings\commercial\high_density\British_Street_Side_Store_A\British_Street_Side_Store_A.adat
British\buildings\commercial\high_density\British_Street_Side_Store_B\British_Street_Side_Store_B.adat
British\buildings\residential\high_density\British_Normaly_Apartment\British Normaly Apartment.adat
British\road\Two_lane\British_Two_lane_normal_road(orange_line)\Two_lane_normal_road(orange_line).adat
British\tiles\ground\normal\tile_greenfield.adat
British\tiles\water\bearch_and_walkway\Bearch_and_Walkway.adat
British\tiles\water\normal\Normal_Waterway.adat
Normal\tiles\ground\normal\tile_greenfield.adat
Normal\tiles\water\bearch_and_walkway\Bearch_and_Walkway.adat
Normal\tiles\water\normal\Normal_Waterway.adat
Normal\buildings\commercial\high_density\Buy-Buy_Building\Buy-Buy_Building.adon
Normal\buildings\commercial\high_density\L-Department_Store\L-Department_Store.adon
Normal\buildings\commercial\high_density\Reasonable_Multi-tenant_Building\Reasonable_Multi-tenant_Building.adon
Normal\buildings\commercial\high_density\Station-front_Department-Store\Station-front_Department-Store.adon
Normal\buildings\commercial\high_density\Street_Corner_Depertment\Street_Corner_Depertment.adon
Normal\buildings\commercial\low_density\Channel's_Boutique\Channel's_Boutique.adon
Normal\buildings\commercial\low_density\Family_Mate\Family_Mate.adon
Normal\buildings\commercial\low_density\Lawnso\Lawnso.adon
Normal\buildings\commercial\low_density\MosDonald\MosDonald.adon
Normal\buildings\commercial\low_density\Normal_Supermarket\Normal_Supermarket.adon
Normal\buildings\commercial\low_density\Parking_24\Parking_24.adon
Normal\buildings\commercial\low_density\Saico_Mart\Saico_Mart.adon
Normal\buildings\commercial\low_density\Seveso-Eleveso\Seveso-Eleveso.adon
Normal\buildings\commercial\low_density\Soba_Restaurant\Soba_Restaurant.adon
Normal\buildings\commercial\low_density\Starbooks_Coffee\Starbooks_Coffee.adon
Normal\buildings\industrial\Black_proof_Warehouse\Black_proof_Warehouse.adon
Normal\buildings\industrial\Charlie's_chocolate_factory\Charlie's_chocolate_factory.adon
Normal\buildings\industrial\Electronics_Factory\Electronics_Factory.adon
Normal\buildings\office\24-storied_Office\24-storied_Office.adon
Normal\buildings\office\Central_Woody_Building\Central_Woody_Building.adon
Normal\buildings\office\Deep_Office-Building\Deep_Office-Building.adon
Normal\buildings\office\Glazed_Office\Glazed_Office.adon
Normal\buildings\office\Tall_Office\Tall_Office.adon
Normal\buildings\office\white_office\white_office.adon
Normal\buildings\public\Big_Museum\Big_Museum.adon
Normal\buildings\public\Modern_City_Hall\Modern_City_Hall.adon
Normal\buildings\public\Modern_Library\Modern_Library.adon
Normal\buildings\public\Normaly_Elementary-School\Normaly_Elementary-School.adon
Normal\buildings\public\Normaly_High-School\Normaly_High-School.adon
Normal\buildings\public\Normaly_Junior-High-School\Normaly_Junior-High-School.adon
Normal\buildings\public\Normaly_Urban_University\Normaly_Urban_University.adon
Normal\buildings\public\post_office\post_office.adon
Normal\buildings\public\Public_Hall\Public_Hall.adon
Normal\buildings\public\small_fire_depertment\small_fire_depertment.adon
Normal\buildings\public\small_police_station\small_police_station.adon
Normal\buildings\residential\high_density\five-story_apartment\five-story_apartment.adon
Normal\buildings\residential\high_density\Orange_Apartment_Complex\Orange_Apartment_Complex.adon
Normal\buildings\residential\high_density\White_Apartment_Complex\White_Apartment_Complex.adon
Normal\buildings\residential\high_density\Wood_Apartment\Wood_Apartment.adon
Normal\buildings\residential\low_density\blue_roof_house\blue_roof_house.adon
Normal\buildings\residential\low_density\Glazed_House\Glazed_House.adon
Normal\buildings\residential\low_density\Modern_House\Modern_House.adon
Normal\buildings\residential\low_density\North-American_House\North-American_House.adon
Normal\buildings\residential\low_density\red_roof_house\red_roof_house.adon
Normal\buildings\residential\low_density\Simple_House\Simple_House.adon
Normal\farms\Normaly_Potato-Field\Normaly_Potato-Field.adon
Normal\farms\Normaly_Rice-Farm\Normaly_Rice-Farm.adon
Normal\parks\Cross_Plaza\Cross_Plaza.adon
Normal\parks\Cross_Plaza_with_Trees\Cross_Plaza_with_Trees.adon
Normal\parks\Pond_Park\Pond_Park.adon
Normal\parks\Small_Park\Small_Park.adon
Normal\parks\Small_Shrine\Small_Shrine.adon
Normal\parks\Statue_of_Mayor\Statue_of_Mayor.adon
Normal\parks\Woody_Park\Woody_Park.adon
Normal\ports\Mini_Port\Mini_Port.adon
Normal\railroad\Stations\Normaly_Station\Normaly_Station.adon
Normal\railroad\Two_lane\Normal_Railroad\Normal_Railroad.adon
Normal\road\Promenade\Wooden_Promenade\Wooden_Promenade.adon
Normal\road\Promenade\Wooden_Promenade_with_Tree\Wooden_Promenade_with_Tree.adon
Normal\road\Two_lane\Two_lane_gravel_road\Two_lane_gravel_road.adon
Normal\road\Two_lane\Two_lane_normal_road(none_line)\Two_lane_normal_road(none_line).adon
Normal\road\Two_lane\Two_lane_normal_road(orange_line)\Two_lane_normal_road(orange_line).adon
Normal\road\Two_lane\Two_lane_normal_road(white_broken_line)\Two_lane_normal_road(white_broken_line).adon
Normal\road\Two_lane\Two_lane_normal_road(white_line)\Two_lane_normal_road(white_line).adon
